train_loss,epoch,step,val_loss,val_acc,test_loss,test_acc
0.7679496929049492,0,0,,,,
0.7290078923106194,0,1,,,,
0.6495633609592915,0,2,,,,
0.7145624356344342,0,3,,,,
0.6947501208633184,0,4,,,,
0.699738709256053,0,5,,,,
0.7083820048719645,0,6,,,,
0.7185996863991022,0,7,,,,
0.7355768047273159,0,8,,,,
0.73917181417346,0,9,,,,
0.7085998964030296,0,10,,,,
0.6909924973733723,0,11,,,,
0.7400954167048136,0,12,,,,
,0,12,0.6721036432683468,0.5,,
0.6702267373912036,1,13,,,,
0.6901955250650644,1,14,,,,
0.6810985407792032,1,15,,,,
0.6813286384567618,1,16,,,,
0.6681592860259116,1,17,,,,
0.6499839199241251,1,18,,,,
0.6651936958078295,1,19,,,,
0.6573112569749355,1,20,,,,
0.6510253278538585,1,21,,,,
0.6359552037902176,1,22,,,,
0.6404000106267631,1,23,,,,
0.6424325357656926,1,24,,,,
0.669970432917277,1,25,,,,
,1,25,0.645399866104126,0.5,,
0.6541779641993344,2,26,,,,
0.6260118416976184,2,27,,,,
0.6337681603617966,2,28,,,,
0.6378865828737617,2,29,,,,
0.6229579406790435,2,30,,,,
0.6273668319918215,2,31,,,,
0.6160690262913704,2,32,,,,
0.630016015842557,2,33,,,,
0.6233375743031502,2,34,,,,
0.6052178291138262,2,35,,,,
0.6139386375434697,2,36,,,,
0.5714519843459129,2,37,,,,
0.6679456693430741,2,38,,,,
,2,38,0.613296682536602,0.5,,
0.6051888156216592,3,39,,,,
0.6243424639105797,3,40,,,,
0.5903390217572451,3,41,,,,
0.5851316936314106,3,42,,,,
0.582004071213305,3,43,,,,
0.5988001525402069,3,44,,,,
0.5940343085676432,3,45,,,,
0.5652939490973949,3,46,,,,
0.5846416354179382,3,47,,,,
0.5879768095910549,3,48,,,,
0.5938770547509193,3,49,,,,
0.5691557712852955,3,50,,,,
0.5805767675240834,3,51,,,,
,3,51,0.5835289252549409,0.5,,
0.5766627490520477,4,52,,,,
0.5505974423140287,4,53,,,,
0.5810994692146778,4,54,,,,
0.5706544872373343,4,55,,,,
0.5433937385678291,4,56,,,,
0.5262153949588537,4,57,,,,
0.5817884411662817,4,58,,,,
0.6016854103654623,4,59,,,,
0.5519210584461689,4,60,,,,
0.5465059857815504,4,61,,,,
0.5797149911522865,4,62,,,,
0.5546110589057207,4,63,,,,
0.5972188115119934,4,64,,,,
,4,64,0.5574789123982191,0.5,,
0.5765734724700451,5,65,,,,
0.5520514883100986,5,66,,,,
0.5753563847392797,5,67,,,,
0.5600312408059835,5,68,,,,
0.5391121432185173,5,69,,,,
0.5394872557371855,5,70,,,,
0.5236822105944157,5,71,,,,
0.5297286566346884,5,72,,,,
0.5196061171591282,5,73,,,,
0.5161510687321424,5,74,,,,
0.5336730927228928,5,75,,,,
0.5300545170903206,5,76,,,,
0.5544099112351735,5,77,,,,
,5,77,0.5247732019424438,1.0,,
0.5259757991880178,6,78,,,,
0.4940965250134468,6,79,,,,
0.5170421432703733,6,80,,,,
0.4849734716117382,6,81,,,,
0.4685589727014303,6,82,,,,
0.5083102416247129,6,83,,,,
0.5110910199582577,6,84,,,,
0.5027977619320154,6,85,,,,
0.5462520588189363,6,86,,,,
0.4688637647777796,6,87,,,,
0.5249829199165106,6,88,,,,
0.5129329394549131,6,89,,,,
0.46680495142936707,6,90,,,,
,6,90,0.4981760889291763,1.0,,
0.45338270626962185,7,91,,,,
0.48864053934812546,7,92,,,,
0.48603666946291924,7,93,,,,
0.4902232214808464,7,94,,,,
0.4672733023762703,7,95,,,,
0.4573894739151001,7,96,,,,
0.479996170848608,7,97,,,,
0.4951685890555382,7,98,,,,
0.4658630806952715,7,99,,,,
0.4625292494893074,7,100,,,,
0.5064143389463425,7,101,,,,
0.4444400127977133,7,102,,,,
0.4831670174996058,7,103,,,,
,7,103,0.4695505803823471,1.0,,
0.476945823058486,8,104,,,,
0.44772134721279144,8,105,,,,
0.45415718480944633,8,106,,,,
0.47250146977603436,8,107,,,,
0.4594076406210661,8,108,,,,
0.4501926740631461,8,109,,,,
0.42917787097394466,8,110,,,,
0.4464266002178192,8,111,,,,
0.4275546260178089,8,112,,,,
0.5176394116133451,8,113,,,,
0.4474120680242777,8,114,,,,
0.43848738819360733,8,115,,,,
0.44069503247737885,8,116,,,,
,8,116,0.4431568694114685,1.0,,
0.4648967254906893,9,117,,,,
0.4338672496378422,9,118,,,,
0.43520923145115376,9,119,,,,
0.39466848596930504,9,120,,,,
0.41749812103807926,9,121,,,,
0.39734539948403835,9,122,,,,
0.42818781919777393,9,123,,,,
0.4266233956441283,9,124,,,,
0.48213407024741173,9,125,,,,
0.42623238917440176,9,126,,,,
0.4336244445294142,9,127,,,,
0.41568597219884396,9,128,,,,
0.3948091367880503,9,129,,,,
,9,129,0.4157038575410843,1.0,,
0.4150307420641184,10,130,,,,
0.38837208691984415,10,131,,,,
0.47485816292464733,10,132,,,,
0.40015194192528725,10,133,,,,
0.3776260334998369,10,134,,,,
0.3888551592826843,10,135,,,,
0.39239125698804855,10,136,,,,
0.3871838450431824,10,137,,,,
0.4097172599285841,10,138,,,,
0.3973605055361986,10,139,,,,
0.41422436013817787,10,140,,,,
0.3896490316838026,10,141,,,,
0.3579939852158228,10,142,,,,
,10,142,0.39226825535297394,1.0,,
0.37293173279613256,11,143,,,,
0.3502099644392729,11,144,,,,
0.37238481640815735,11,145,,,,
0.38190766237676144,11,146,,,,
0.37259357050061226,11,147,,,,
0.36963943019509315,11,148,,,,
0.35581277031451464,11,149,,,,
0.37826343439519405,11,150,,,,
0.3657147716730833,11,151,,,,
0.43119453825056553,11,152,,,,
0.36468496918678284,11,153,,,,
0.37157786171883345,11,154,,,,
0.4053037315607071,11,155,,,,
,11,155,0.3651416099071503,1.0,,
0.3606689777225256,12,156,,,,
0.3566143661737442,12,157,,,,
0.43359280191361904,12,158,,,,
0.3470930438488722,12,159,,,,
0.3488315250724554,12,160,,,,
0.3362938892096281,12,161,,,,
0.3568516541272402,12,162,,,,
0.33839528262615204,12,163,,,,
0.36338949762284756,12,164,,,,
0.3429235406219959,12,165,,,,
0.31846794206649065,12,166,,,,
0.3296185350045562,12,167,,,,
0.3270673950513204,12,168,,,,
,12,168,0.3388653510808945,1.0,,
0.3843385628424585,13,169,,,,
0.34349432587623596,13,170,,,,
0.31039257999509573,13,171,,,,
0.3138253791257739,13,172,,,,
0.3273677062243223,13,173,,,,
0.3327370844781399,13,174,,,,
0.3098637517541647,13,175,,,,
0.31506697833538055,13,176,,,,
0.31383211724460125,13,177,,,,
0.3109547859057784,13,178,,,,
0.3224275568500161,13,179,,,,
0.3189844796434045,13,180,,,,
0.34108744064966834,13,181,,,,
,13,181,0.31587623864412306,1.0,,
0.319764562882483,14,182,,,,
0.2788785663433373,14,183,,,,
0.32106674928218126,14,184,,,,
0.29414303693920374,14,185,,,,
0.39981944113969803,14,186,,,,
0.28477749042212963,14,187,,,,
0.2986201960593462,14,188,,,,
0.2869890881702304,14,189,,,,
0.31283415108919144,14,190,,,,
0.2964077275246382,14,191,,,,
0.29390683863312006,14,192,,,,
0.2973350640386343,14,193,,,,
0.32488545899589855,14,194,,,,
,14,194,0.294238214045763,1.0,,
0.30670334957540035,15,195,,,,
0.2799074715003371,15,196,,,,
0.29204786103218794,15,197,,,,
0.29750473611056805,15,198,,,,
0.27406427171081305,15,199,,,,
0.2435249132104218,15,200,,,,
0.27648113388568163,15,201,,,,
0.2862879252061248,15,202,,,,
0.2708268538117409,15,203,,,,
0.26218358892947435,15,204,,,,
0.26846544118598104,15,205,,,,
0.2674271250143647,15,206,,,,
0.6309215600291888,15,207,,,,
,15,207,0.2698837250471115,1.0,,
0.2764875050634146,16,208,,,,
0.2534718122333288,16,209,,,,
0.25177567452192307,16,210,,,,
0.40460816910490394,16,211,,,,
0.25723432935774326,16,212,,,,
0.2305484563112259,16,213,,,,
0.26228077430278063,16,214,,,,
0.2504468085244298,16,215,,,,
0.2562590455636382,16,216,,,,
0.24163310322910547,16,217,,,,
0.27698314003646374,16,218,,,,
0.22533049806952477,16,219,,,,
0.22047710418701172,16,220,,,,
,16,220,0.25596716985106466,1.0,,
0.3778924639336765,17,221,,,,
0.24649098049849272,17,222,,,,
0.244286784902215,17,223,,,,
0.2576806824654341,17,224,,,,
0.26006285240873694,17,225,,,,
0.2176960865035653,17,226,,,,
0.2454844294115901,17,227,,,,
0.22121702041476965,17,228,,,,
0.22324092965573072,17,229,,,,
0.24655260890722275,17,230,,,,
0.24014144903048873,17,231,,,,
0.21571922581642866,17,232,,,,
0.22840829441944757,17,233,,,,
,17,233,0.23847523346543312,1.0,,
0.22412058478221297,18,234,,,,
0.22853923588991165,18,235,,,,
0.20561780268326402,18,236,,,,
0.22019405849277973,18,237,,,,
0.2180024404078722,18,238,,,,
0.24533858429640532,18,239,,,,
0.21108837914653122,18,240,,,,
0.21846721461042762,18,241,,,,
0.23078549932688475,18,242,,,,
0.22969377879053354,18,243,,,,
0.36632591485977173,18,244,,,,
0.204729218268767,18,245,,,,
0.22322339316209155,18,246,,,,
,18,246,0.22018467590212823,1.0,,
0.1861942494288087,19,247,,,,
0.21675370540469885,19,248,,,,
0.22958458866924047,19,249,,,,
0.1869502190966159,19,250,,,,
0.2194767869077623,19,251,,,,
0.16912143677473068,19,252,,,,
0.1939568230882287,19,253,,,,
0.20787647017277777,19,254,,,,
0.20786000229418278,19,255,,,,
0.198347891215235,19,256,,,,
0.19883301155641675,19,257,,,,
0.3418420138768852,19,258,,,,
0.22797900935014087,19,259,,,,
,19,259,0.20305607296526432,1.0,,
0.19474134361371398,20,260,,,,
0.17483665142208338,20,261,,,,
0.18750142585486174,20,262,,,,
0.18590703886002302,20,263,,,,
0.18373894318938255,20,264,,,,
0.3346695709042251,20,265,,,,
0.19933807756751776,20,266,,,,
0.19266022089868784,20,267,,,,
0.19486131239682436,20,268,,,,
0.18687854195013642,20,269,,,,
0.1643578503280878,20,270,,,,
0.19157989509403706,20,271,,,,
0.21684035658836365,20,272,,,,
,20,272,0.1888912883400917,1.0,,
0.17440954456105828,21,273,,,,
0.17067182529717684,21,274,,,,
0.17245780816301703,21,275,,,,
0.1637735788244754,21,276,,,,
0.19435791159048676,21,277,,,,
0.1686853668652475,21,278,,,,
0.1944854089524597,21,279,,,,
0.18082033563405275,21,280,,,,
0.14844558015465736,21,281,,,,
0.35778080904856324,21,282,,,,
0.15452826698310673,21,283,,,,
0.19312749709933996,21,284,,,,
0.19289812942345935,21,285,,,,
,21,285,0.17608723513782024,1.0,,
0.15585830435156822,22,286,,,,
0.16486844699829817,22,287,,,,
0.16684493981301785,22,288,,,,
0.3293003845028579,22,289,,,,
0.1423632577061653,22,290,,,,
0.17049618437886238,22,291,,,,
0.17634471412748098,22,292,,,,
0.18840144062414765,22,293,,,,
0.176597707439214,22,294,,,,
0.12778046051971614,22,295,,,,
0.14486142247915268,22,296,,,,
0.136429326958023,22,297,,,,
0.16031185661753017,22,298,,,,
,22,298,0.16298168145120143,1.0,,
0.17289327690377831,23,299,,,,
0.16845410503447056,23,300,,,,
0.15266425907611847,23,301,,,,
0.14470709254965186,23,302,,,,
0.13224575947970152,23,303,,,,
0.13166394690051675,23,304,,,,
0.13719306653365493,23,305,,,,
0.15415033046156168,23,306,,,,
0.16136045195162296,23,307,,,,
0.1367862184997648,23,308,,,,
0.1535158900078386,23,309,,,,
0.35928371036425233,23,310,,,,
0.17618200182914734,23,311,,,,
,23,311,0.15107477497309446,1.0,,
0.1428404520265758,24,312,,,,
0.1588626280426979,24,313,,,,
0.13338183634914458,24,314,,,,
0.12711492087692022,24,315,,,,
0.14042227063328028,24,316,,,,
0.13972460944205523,24,317,,,,
0.14644598180893809,24,318,,,,
0.3535218208562583,24,319,,,,
0.14576813485473394,24,320,,,,
0.1401281263679266,24,321,,,,
0.13217802112922072,24,322,,,,
0.13981683005113155,24,323,,,,
0.13123785331845284,24,324,,,,
,24,324,0.14177650775760411,1.0,,
0.35189979092683643,25,325,,,,
0.13033898314461112,25,326,,,,
0.11847313609905541,25,327,,,,
0.1281772773945704,25,328,,,,
0.10714197438210249,25,329,,,,
0.1258170073851943,25,330,,,,
0.1363932630047202,25,331,,,,
0.13682088255882263,25,332,,,,
0.1283044978044927,25,333,,,,
0.13530094106681645,25,334,,,,
0.14342649024911225,25,335,,,,
0.14206821937114,25,336,,,,
0.11896114485959211,25,337,,,,
,25,337,0.13209638774394988,1.0,,
0.121668073348701,26,338,,,,
0.135241755284369,26,339,,,,
0.1167434323579073,26,340,,,,
0.1311912719393149,26,341,,,,
0.13262531452346593,26,342,,,,
0.12414885219186544,26,343,,,,
0.12674066907493398,26,344,,,,
0.11454830830916762,26,345,,,,
0.35341680399142206,26,346,,,,
0.13392404280602932,26,347,,,,
0.12834855820983648,26,348,,,,
0.11606386536732316,26,349,,,,
0.10582294998069604,26,350,,,,
,26,350,0.1230950440466404,1.0,,
0.1093933202791959,27,351,,,,
0.10950195509940386,27,352,,,,
0.12723093968816102,27,353,,,,
0.10028332041110843,27,354,,,,
0.12105154222808778,27,355,,,,
0.112507538869977,27,356,,,,
0.35271379339974374,27,357,,,,
0.10740965325385332,27,358,,,,
0.09961982048116624,27,359,,,,
0.11758161429315805,27,360,,,,
0.1213960403110832,27,361,,,,
0.0996134695596993,27,362,,,,
0.12260967368880907,27,363,,,,
,27,363,0.11676024120301008,1.0,,
0.09319616295397282,28,364,,,,
0.1305923997424543,28,365,,,,
0.09859657438937575,28,366,,,,
0.11336313840001822,28,367,,,,
0.1264819260686636,28,368,,,,
0.10617960640229285,28,369,,,,
0.10345220169983804,28,370,,,,
0.08951728913234547,28,371,,,,
0.12511607143096626,28,372,,,,
0.3568308660760522,28,373,,,,
0.10819807066582143,28,374,,,,
0.10630359756760299,28,375,,,,
0.08098015623788038,28,376,,,,
,28,376,0.11041885191574692,1.0,,
0.10043766541639343,29,377,,,,
0.10403808066621423,29,378,,,,
0.11308611975982785,29,379,,,,
0.31616611138451844,29,380,,,,
0.0805276136379689,29,381,,,,
0.09309818549081683,29,382,,,,
0.10453584743663669,29,383,,,,
0.104721806186717,29,384,,,,
0.10792718338780105,29,385,,,,
0.10065330695942976,29,386,,,,
0.10723148658871651,29,387,,,,
0.09314993699081242,29,388,,,,
0.0938742347061634,29,389,,,,
,29,389,0.10333104943856597,1.0,,
0.35040216345805675,30,390,,,,
0.10453628073446453,30,391,,,,
0.08062026253901422,30,392,,,,
0.08296558749862015,30,393,,,,
0.08993539749644697,30,394,,,,
0.1038858238607645,30,395,,,,
0.08480176125885919,30,396,,,,
0.09696113714016974,30,397,,,,
0.10131961200386286,30,398,,,,
0.09824807324912399,30,399,,,,
0.09498813434038311,30,400,,,,
0.10406757169403136,30,401,,,,
0.10043822601437569,30,402,,,,
,30,402,0.09763460818678141,1.0,,
0.08698330741026439,31,403,,,,
0.0944298543035984,31,404,,,,
0.09255773830227554,31,405,,,,
0.08969070692546666,31,406,,,,
0.08377144043333828,31,407,,,,
0.07708305213600397,31,408,,,,
0.35757229989394546,31,409,,,,
0.07158527092542499,31,410,,,,
0.08675188012421131,31,411,,,,
0.08276428756653331,31,412,,,,
0.09680226724594831,31,413,,,,
0.0842708651907742,31,414,,,,
0.11577633551011482,31,415,,,,
,31,415,0.09043645430356265,1.0,,
0.07698975666426122,32,416,,,,
0.08669111249037087,32,417,,,,
0.07438101782463491,32,418,,,,
0.08342139457818121,32,419,,,,
0.09462264471221715,32,420,,,,
0.06723875863826834,32,421,,,,
0.3778500152984634,32,422,,,,
0.0831798299914226,32,423,,,,
0.0786431422457099,32,424,,,,
0.08559126127511263,32,425,,,,
0.0800470330286771,32,426,,,,
0.08677776058902964,32,427,,,,
0.06865683322151502,32,428,,,,
,32,428,0.0854835445061326,1.0,,
0.34690404578577727,33,429,,,,
0.07536557887215167,33,430,,,,
0.08911361987702549,33,431,,,,
0.0794215255882591,33,432,,,,
0.08303863019682467,33,433,,,,
0.07937451684847474,33,434,,,,
0.08204556838609278,33,435,,,,
0.069429632552783,33,436,,,,
0.07409654115326703,33,437,,,,
0.09329663740936667,33,438,,,,
0.07582043859292753,33,439,,,,
0.07702899037394673,33,440,,,,
0.06598918450375398,33,441,,,,
,33,441,0.08202627116814255,1.0,,
0.05949932232033461,34,442,,,,
0.07793351760483347,34,443,,,,
0.06679621891817078,34,444,,,,
0.07627016701735556,34,445,,,,
0.07437524979468435,34,446,,,,
0.07358178787399083,34,447,,,,
0.07144719583448023,34,448,,,,
0.06540662853512913,34,449,,,,
0.07362306653521955,34,450,,,,
0.07527978718280792,34,451,,,,
0.06960696075111628,34,452,,,,
0.34835092088906094,34,453,,,,
0.08384087309241295,34,454,,,,
,34,454,0.07613695259205996,1.0,,
0.07412480958737433,35,455,,,,
0.07105836772825569,35,456,,,,
0.06488155937404372,35,457,,,,
0.07592508161906153,35,458,,,,
0.06840916560031474,35,459,,,,
0.06766248191706836,35,460,,,,
0.0732396935345605,35,461,,,,
0.08893367036944255,35,462,,,,
0.4025951461662771,35,463,,,,
0.06597171211615205,35,464,,,,
0.058786860419786535,35,465,,,,
0.05993859231239185,35,466,,,,
0.05740602966398001,35,467,,,,
,35,467,0.0722864489350468,1.0,,
0.05650658858940005,36,468,,,,
0.061387036461383104,36,469,,,,
0.07258374034427106,36,470,,,,
0.0541497323429212,36,471,,,,
0.05550415092147887,36,472,,,,
0.06923240085598081,36,473,,,,
0.33964713755995035,36,474,,,,
0.06353418176877312,36,475,,,,
0.06370893574785441,36,476,,,,
0.048332602134905756,36,477,,,,
0.07017075608018786,36,478,,,,
0.07353704632259905,36,479,,,,
0.06812493378917375,36,480,,,,
,36,480,0.06865282603539527,1.0,,
0.06925137829966843,37,481,,,,
0.05890453245956451,37,482,,,,
0.06821957370266318,37,483,,,,
0.06874062400311232,37,484,,,,
0.059284701419528574,37,485,,,,
0.05181452106626239,37,486,,,,
0.04692463600076735,37,487,,,,
0.06965440325438976,37,488,,,,
0.36087704927194864,37,489,,,,
0.06939678563503549,37,490,,,,
0.05695628002285957,37,491,,,,
0.0659082515630871,37,492,,,,
0.03489235105613867,37,493,,,,
,37,493,0.06633236400783062,1.0,,
0.059546774602495134,38,494,,,,
0.3958917917625513,38,495,,,,
0.05720015232509468,38,496,,,,
0.05662366651085904,38,497,,,,
0.06090450461488217,38,498,,,,
0.06923105265013874,38,499,,,,
0.05866016063373536,38,500,,,,
0.05480235908180475,38,501,,,,
0.06114883866393939,38,502,,,,
0.06296532589476556,38,503,,,,
0.05029913911130279,38,504,,,,
0.0536368839093484,38,505,,,,
0.049995043935875096,38,506,,,,
,38,506,0.06403614205308258,1.0,,
0.05628387985052541,39,507,,,,
0.06670855649281293,39,508,,,,
0.06599336036015302,39,509,,,,
0.34771148790605366,39,510,,,,
0.06856492938095471,39,511,,,,
0.05957311484962702,39,512,,,,
0.05024312064051628,39,513,,,,
0.05492387595586479,39,514,,,,
0.04890087363310158,39,515,,,,
0.04587514151353389,39,516,,,,
0.05792972548806574,39,517,,,,
0.06166676199063659,39,518,,,,
0.06830687013765176,39,519,,,,
,39,519,0.06080743002705276,1.0,,
0.05662744236178696,40,520,,,,
0.06742524786386639,40,521,,,,
0.04957904398906976,40,522,,,,
0.05394795653410256,40,523,,,,
0.05351122637512162,40,524,,,,
0.04556804278399795,40,525,,,,
0.04974956379737705,40,526,,,,
0.39898949036432896,40,527,,,,
0.05397216156416107,40,528,,,,
0.0480079062981531,40,529,,,,
0.047848050482571125,40,530,,,,
0.05163111806905363,40,531,,,,
0.05647512835760911,40,532,,,,
,40,532,0.05862194624729455,1.0,,
0.06259300337114837,41,533,,,,
0.0671575894812122,41,534,,,,
0.4270218105375534,41,535,,,,
0.052984090347308666,41,536,,,,
0.043293036258546636,41,537,,,,
0.03723425463977037,41,538,,,,
0.06349786568898708,41,539,,,,
0.05248739046510309,41,540,,,,
0.04557883238885552,41,541,,,,
0.048866951605305076,41,542,,,,
0.050816564296837896,41,543,,,,
0.048805029306095093,41,544,,,,
0.053788412983218827,41,545,,,,
,41,545,0.05619552026502788,1.0,,
0.047359096992295235,42,546,,,,
0.04401773092104122,42,547,,,,
0.06416113761952147,42,548,,,,
0.3421225648489781,42,549,,,,
0.05466131302091526,42,550,,,,
0.05602373695001006,42,551,,,,
0.04579847306013107,42,552,,,,
0.0409207483753562,42,553,,,,
0.051759050984401256,42,554,,,,
0.04735660389997065,42,555,,,,
0.055546679883264005,42,556,,,,
0.04467562092031585,42,557,,,,
0.03621215187013149,42,558,,,,
,42,558,0.052691916460171344,1.0,,
0.05387764057377353,43,559,,,,
0.03819392720470205,43,560,,,,
0.05081659248389769,43,561,,,,
0.043348624370992184,43,562,,,,
0.05565621028654277,43,563,,,,
0.04357504640938714,43,564,,,,
0.04070521699031815,43,565,,,,
0.05456814053468406,43,566,,,,
0.44082259538117796,43,567,,,,
0.041995517327450216,43,568,,,,
0.05145852005807683,43,569,,,,
0.041196782811312005,43,570,,,,
0.05361591031153996,43,571,,,,
,43,571,0.050128483464941385,1.0,,
0.057258387154433876,44,572,,,,
0.051420242292806506,44,573,,,,
0.03623496983709629,44,574,,,,
0.04539378301706165,44,575,,,,
0.04765886324457824,44,576,,,,
0.038744573248550296,44,577,,,,
0.319833489600569,44,578,,,,
0.04508759797317907,44,579,,,,
0.04800331615842879,44,580,,,,
0.04498798410349991,44,581,,,,
0.03766262991121039,44,582,,,,
0.051277441016281955,44,583,,,,
0.040725784841924906,44,584,,,,
,44,584,0.04827943770680577,1.0,,
0.04403829685179517,45,585,,,,
0.0325711719924584,45,586,,,,
0.043500534316990525,45,587,,,,
0.037148666742723435,45,588,,,,
0.04536079813260585,45,589,,,,
0.36171720921993256,45,590,,,,
0.04135805770056322,45,591,,,,
0.036617262638174,45,592,,,,
0.040670141810551286,45,593,,,,
0.04347676622273866,45,594,,,,
0.04154395102523267,45,595,,,,
0.03780984482727945,45,596,,,,
0.041762844659388065,45,597,,,,
,45,597,0.04651251083239913,1.0,,
0.0470109679736197,46,598,,,,
0.041785725858062506,46,599,,,,
0.051399714895524085,46,600,,,,
0.03912330526509322,46,601,,,,
0.04731950233690441,46,602,,,,
0.03669820967479609,46,603,,,,
0.04263283514592331,46,604,,,,
0.409901995328255,46,605,,,,
0.03177867803606205,46,606,,,,
0.033178824836795684,46,607,,,,
0.04894025926478207,46,608,,,,
0.05889113916782662,46,609,,,,
0.04896791597517828,46,610,,,,
,46,610,0.04479257554281503,1.0,,
0.0366797286842484,47,611,,,,
0.03313033824088052,47,612,,,,
0.043817473226226866,47,613,,,,
0.04333499792846851,47,614,,,,
0.045458462613169104,47,615,,,,
0.3777347250870662,47,616,,,,
0.03551744401920587,47,617,,,,
0.03450119175249711,47,618,,,,
0.04270859627285972,47,619,,,,
0.04238326752602006,47,620,,,,
0.03939055040245876,47,621,,,,
0.045822521729860455,47,622,,,,
0.030326652185370524,47,623,,,,
,47,623,0.0443508830294013,1.0,,
0.042770822590682656,48,624,,,,
0.04812033590860665,48,625,,,,
0.036470042599830776,48,626,,,,
0.03746821979802917,48,627,,,,
0.03824909939430654,48,628,,,,
0.03543265353800962,48,629,,,,
0.38763006844965275,48,630,,,,
0.039637488836888224,48,631,,,,
0.04188299071392976,48,632,,,,
0.03877095668576658,48,633,,,,
0.0426311069750227,48,634,,,,
0.029469681903719902,48,635,,,,
0.022924574402471382,48,636,,,,
,48,636,0.04259843134786934,1.0,,
0.03922308122855611,49,637,,,,
0.032710287370719016,49,638,,,,
0.034424602024955675,49,639,,,,
0.05033949215430766,49,640,,,,
0.03203021886292845,49,641,,,,
0.029293746301846113,49,642,,,,
0.04040227655787021,49,643,,,,
0.03778122006042395,49,644,,,,
0.032837868289789185,49,645,,,,
0.031163033381744754,49,646,,,,
0.040363314968999475,49,647,,,,
0.03731119752046652,49,648,,,,
1.1220127848597863,49,649,,,,
,49,649,0.04076321875676513,1.0,,
0.38831278125871904,50,650,,,,
0.03418469650205225,50,651,,,,
0.03610190568724647,50,652,,,,
0.026100122784555424,50,653,,,,
0.054173533542780206,50,654,,,,
0.04372260195668787,50,655,,,,
0.03906210457353154,50,656,,,,
0.033633950748480856,50,657,,,,
0.03476949344621971,50,658,,,,
0.03530422679614276,50,659,,,,
0.03837460064096376,50,660,,,,
0.0330695491284132,50,661,,,,
0.04263151219735543,50,662,,,,
,50,662,0.04178989211795851,1.0,,
0.035674889775691554,51,663,,,,
0.035507735854480416,51,664,,,,
0.3687484665788361,51,665,,,,
0.0322155729518272,51,666,,,,
0.03544445682200603,51,667,,,,
0.042376178316771984,51,668,,,,
0.029340633445826825,51,669,,,,
0.029578719229903072,51,670,,,,
0.04238880827324465,51,671,,,,
0.0387784966842446,51,672,,,,
0.03369942447170615,51,673,,,,
0.04368340194923803,51,674,,,,
0.034393563944225505,51,675,,,,
,51,675,0.03993167642038316,1.0,,
0.03814080514712259,52,676,,,,
0.02583216069615446,52,677,,,,
0.4536270722383051,52,678,,,,
0.032559574479819275,52,679,,,,
0.03264671081706183,52,680,,,,
0.03405027146800421,52,681,,,,
0.04577847365362686,52,682,,,,
0.04092327575199306,52,683,,,,
0.03463622843264602,52,684,,,,
0.029733489731370355,52,685,,,,
0.03253495029639453,52,686,,,,
0.03653458404005505,52,687,,,,
0.02627239702269435,52,688,,,,
,52,688,0.0384695966844447,1.0,,
0.0365417308639735,53,689,,,,
0.03775517304893583,53,690,,,,
0.03441219283558894,53,691,,,,
0.43898944342072355,53,692,,,,
0.0315408777059929,53,693,,,,
0.0243734216564917,53,694,,,,
0.040856125466234516,53,695,,,,
0.02973233840020839,53,696,,,,
0.0406617313856259,53,697,,,,
0.027689495909726247,53,698,,,,
0.038470050058094785,53,699,,,,
0.03102658729767427,53,700,,,,
0.03896746784448624,53,701,,,,
,53,701,0.03720620073843747,1.0,,
0.0274246821354609,54,702,,,,
0.03668945486424491,54,703,,,,
0.030200317705748603,54,704,,,,
0.029261718766065314,54,705,,,,
0.030479928880595253,54,706,,,,
0.03282414862769656,54,707,,,,
0.02790250047473819,54,708,,,,
0.036588476912584156,54,709,,,,
0.025441041099838912,54,710,,,,
0.42656384375004563,54,711,,,,
0.0354045906860847,54,712,,,,
0.038598218918195926,54,713,,,,
0.01640366328259309,54,714,,,,
,54,714,0.03524855791358277,1.0,,
0.028567325382027775,55,715,,,,
0.031062807218404487,55,716,,,,
0.030796646868111566,55,717,,,,
0.029377645259955898,55,718,,,,
0.025368006790813524,55,719,,,,
0.03475205798167735,55,720,,,,
0.0224912223238789,55,721,,,,
0.027378904807846993,55,722,,,,
0.02871957145362103,55,723,,,,
0.042218769318424165,55,724,,,,
0.02778203392517753,55,725,,,,
0.03265608265064657,55,726,,,,
1.0597474963093796,55,727,,,,
,55,727,0.0337962076603435,1.0,,
0.02089140797033906,56,728,,,,
0.04237462516175583,56,729,,,,
0.033763732735678786,56,730,,,,
0.029427677611238323,56,731,,,,
0.02907570987008512,56,732,,,,
0.030278775331680663,56,733,,,,
0.029289140045875683,56,734,,,,
0.43055399690820195,56,735,,,,
0.032675220078090206,56,736,,,,
0.02803069434594363,56,737,,,,
0.02532012299343478,56,738,,,,
0.03304177467362024,56,739,,,,
0.034575046971440315,56,740,,,,
,56,740,0.03541167853050865,1.0,,
0.03180079936282709,57,741,,,,
0.029081563727231696,57,742,,,,
0.030829834344331175,57,743,,,,
0.03899074578657746,57,744,,,,
0.4330894393624476,57,745,,,,
0.04320955675211735,57,746,,,,
0.025766666047275066,57,747,,,,
0.0279565966775408,57,748,,,,
0.024020457163715037,57,749,,,,
0.022986285093793413,57,750,,,,
0.032184826501179487,57,751,,,,
0.02828563208458945,57,752,,,,
0.029588238646586735,57,753,,,,
,57,753,0.03449817935586907,1.0,,
0.024402348266448826,58,754,,,,
0.03555268335912842,58,755,,,,
0.026773552832310088,58,756,,,,
0.03049582554376684,58,757,,,,
0.021991023502778262,58,758,,,,
0.03159763719304465,58,759,,,,
0.019114873313810676,58,760,,,,
0.03177449653230724,58,761,,,,
0.03405185681185685,58,762,,,,
0.4298223210789729,58,763,,,,
0.02122309067635797,58,764,,,,
0.02250344654021319,58,765,,,,
0.027611673033485808,58,766,,,,
,58,766,0.03290407805005088,1.0,,
0.023249476318596862,59,767,,,,
0.03197361089405604,59,768,,,,
0.030357340205227956,59,769,,,,
0.03208927623927593,59,770,,,,
0.030514618865709053,59,771,,,,
0.03269950131652877,59,772,,,,
0.032808147898322204,59,773,,,,
0.39524994828389026,59,774,,,,
0.024086181656457484,59,775,,,,
0.021115112460392993,59,776,,,,
0.027653109405946452,59,777,,,,
0.02841241518035531,59,778,,,,
0.027377984952181578,59,779,,,,
,59,779,0.03173413585871458,1.0,,
0.0361263650120236,60,780,,,,
0.02579431008780375,60,781,,,,
0.03858949794084765,60,782,,,,
0.019838430976960808,60,783,,,,
0.4259242832195014,60,784,,,,
0.026135267864447087,60,785,,,,
0.028517642873339355,60,786,,,,
0.024462220288114622,60,787,,,,
0.02676323530067748,60,788,,,,
0.02582560302107595,60,789,,,,
0.02975642480305396,60,790,,,,
0.02353718676022254,60,791,,,,
0.019800685501346983,60,792,,,,
,60,792,0.031235200501978398,1.0,,
0.02894375694449991,61,793,,,,
0.027680881437845528,61,794,,,,
0.029391260948614217,61,795,,,,
0.025256021443055943,61,796,,,,
0.027808536162410746,61,797,,,,
0.025630939664551988,61,798,,,,
0.023061300365952775,61,799,,,,
0.02814272983232513,61,800,,,,
0.02672700019320473,61,801,,,,
0.02204517122299876,61,802,,,,
0.027050901611801237,61,803,,,,
0.02425815418791899,61,804,,,,
1.1058687054513332,61,805,,,,
,61,805,0.029722823745105417,1.0,,
0.02984785826993175,62,806,,,,
0.02108532129204832,62,807,,,,
0.024490602547302842,62,808,,,,
0.3466337108693551,62,809,,,,
0.022172779972606804,62,810,,,,
0.020488989766818122,62,811,,,,
0.03813206881750375,62,812,,,,
0.03090968556352891,62,813,,,,
0.026754591410281137,62,814,,,,
0.02274837889126502,62,815,,,,
0.0239956494906437,62,816,,,,
0.03077743123867549,62,817,,,,
0.024591449027260143,62,818,,,,
,62,818,0.030979549731127917,1.0,,
0.024575645875302143,63,819,,,,
0.023026994604151696,63,820,,,,
0.02834876420092769,63,821,,,,
0.03298648462805431,63,822,,,,
0.02670340210897848,63,823,,,,
0.4220192525681341,63,824,,,,
0.030502400710247457,63,825,,,,
0.025575793435564265,63,826,,,,
0.023577481508255005,63,827,,,,
0.020600076974005788,63,828,,,,
0.027405710279708728,63,829,,,,
0.024136845750035718,63,830,,,,
0.04607573586205641,63,831,,,,
,63,831,0.030194506695261226,1.0,,
0.02866191594512202,64,832,,,,
0.0244980772404233,64,833,,,,
0.028872950289951405,64,834,,,,
0.3917376772442367,64,835,,,,
0.02181927574565634,64,836,,,,
0.019333189542521723,64,837,,,,
0.02376568656472955,64,838,,,,
0.028618021577131003,64,839,,,,
0.017451106816224637,64,840,,,,
0.023296117171412334,64,841,,,,
0.025589236844098195,64,842,,,,
0.03210692061111331,64,843,,,,
0.028016098076477647,64,844,,,,
,64,844,0.029269082322716713,1.0,,
0.025925921800080687,65,845,,,,
0.02923116783495061,65,846,,,,
0.021979108947562054,65,847,,,,
0.027426246902905405,65,848,,,,
0.023039047795464285,65,849,,,,
0.015652384073291614,65,850,,,,
0.026560516649624333,65,851,,,,
0.026857158678467385,65,852,,,,
0.019784964388236403,65,853,,,,
0.02345627362956293,65,854,,,,
0.025029614291270263,65,855,,,,
0.395788173773326,65,856,,,,
0.04222779845197995,65,857,,,,
,65,857,0.02740992738283239,1.0,,
0.01771096818265505,66,858,,,,
0.020839375400100835,66,859,,,,
0.022664632822852582,66,860,,,,
0.02214912648196332,66,861,,,,
0.023060616440488957,66,862,,,,
0.023812919098418206,66,863,,,,
0.020219483176333597,66,864,,,,
0.48326328849452693,66,865,,,,
0.02030214320984669,66,866,,,,
0.020054669319506502,66,867,,,,
0.027683144202455878,66,868,,,,
0.03168455476406962,66,869,,,,
0.034094315487891436,66,870,,,,
,66,870,0.02695755833759904,1.0,,
0.017353959872707492,67,871,,,,
0.018787026521749794,67,872,,,,
0.020423010631930083,67,873,,,,
0.023577561834827065,67,874,,,,
0.02222673999494873,67,875,,,,
0.029330875011510216,67,876,,,,
0.023676480253925547,67,877,,,,
0.49297885368650896,67,878,,,,
0.01837836364575196,67,879,,,,
0.025952616619179025,67,880,,,,
0.030262949421739904,67,881,,,,
0.01829074911074713,67,882,,,,
0.0199379170856749,67,883,,,,
,67,883,0.02652177948271856,1.0,,
0.02596903222729452,68,884,,,,
0.02651167415024247,68,885,,,,
0.025351402087835595,68,886,,,,
0.023520232673035935,68,887,,,,
0.02629190521838609,68,888,,,,
0.015800225681232405,68,889,,,,
0.017797468934077187,68,890,,,,
0.44020318131515523,68,891,,,,
0.02499311244173441,68,892,,,,
0.017616518074646592,68,893,,,,
0.02474852104205638,68,894,,,,
0.023126073374442058,68,895,,,,
0.03821090267350276,68,896,,,,
,68,896,0.026158447581110522,1.0,,
0.020807820532354526,69,897,,,,
0.02413396389238187,69,898,,,,
0.01702449821459595,69,899,,,,
0.02189803794317413,69,900,,,,
0.022326235441141762,69,901,,,,
0.01666715901774296,69,902,,,,
0.025157518859487027,69,903,,,,
0.021789354708744213,69,904,,,,
0.019200070484657772,69,905,,,,
0.39878159351064824,69,906,,,,
0.023861383931944147,69,907,,,,
0.021999000950017944,69,908,,,,
0.021706129812325038,69,909,,,,
,69,909,0.025264618488727138,1.0,,
0.020868071776931174,70,910,,,,
0.47185033657297026,70,911,,,,
0.016653095226502046,70,912,,,,
0.018289203493623063,70,913,,,,
0.02381716764648445,70,914,,,,
0.020295450442063157,70,915,,,,
0.01432978869706858,70,916,,,,
0.022560061249350838,70,917,,,,
0.022062992095015943,70,918,,,,
0.024716686762985773,70,919,,,,
0.022497271362226456,70,920,,,,
0.02190954917750787,70,921,,,,
0.01964340374494592,70,922,,,,
,70,922,0.025287363906973042,1.0,,
0.015236502164043486,71,923,,,,
0.02029271014907863,71,924,,,,
0.019148429812048562,71,925,,,,
0.44708418889786117,71,926,,,,
0.02233226208772976,71,927,,,,
0.023309281445108354,71,928,,,,
0.02583051729016006,71,929,,,,
0.01995049317702069,71,930,,,,
0.02098398661473766,71,931,,,,
0.022741022999980487,71,932,,,,
0.020560642375130556,71,933,,,,
0.023609707317973516,71,934,,,,
0.02523538788470129,71,935,,,,
,71,935,0.024732236450072376,1.0,,
0.01941480304230936,72,936,,,,
0.019009726791409776,72,937,,,,
0.026076750087668188,72,938,,,,
0.01775990953319706,72,939,,,,
0.017990671292864135,72,940,,,,
0.02222862456983421,72,941,,,,
0.01699769181141164,72,942,,,,
0.0307630263541796,72,943,,,,
0.016690240545358392,72,944,,,,
0.018366015487117693,72,945,,,,
0.021019951076596044,72,946,,,,
0.4822050881484756,72,947,,,,
0.028075042876783602,72,948,,,,
,72,948,0.023612338175298647,1.0,,
0.01672359582516947,73,949,,,,
0.022782260450185277,73,950,,,,
0.01824342177133076,73,951,,,,
0.02312086733581964,73,952,,,,
0.017497994987934362,73,953,,,,
0.023675727134104818,73,954,,,,
0.5085566892521456,73,955,,,,
0.021755150315584615,73,956,,,,
0.024157569416274782,73,957,,,,
0.018892504068389826,73,958,,,,
0.020755491581439856,73,959,,,,
0.014241722241422394,73,960,,,,
0.013842042768374085,73,961,,,,
,73,961,0.02358531401201617,1.0,,
0.023025463633530308,74,962,,,,
0.016582018703047652,74,963,,,,
0.019266971898105112,74,964,,,,
0.025618533458327875,74,965,,,,
0.01566670162810624,74,966,,,,
0.022479790553916246,74,967,,,,
0.4842208351183217,74,968,,,,
0.021681901620468125,74,969,,,,
0.019419172119341965,74,970,,,,
0.017722814009175636,74,971,,,,
0.01854769978672266,74,972,,,,
0.015392053508548997,74,973,,,,
0.04341699439100921,74,974,,,,
,74,974,0.02337814789323602,1.0,,
0.018561792490800144,75,975,,,,
0.017936088173883036,75,976,,,,
0.4863236545952532,75,977,,,,
0.024168850359274074,75,978,,,,
0.022622643373324536,75,979,,,,
0.019379380432383186,75,980,,,,
0.020941157854394987,75,981,,,,
0.01697483379393816,75,982,,,,
0.02019883804314304,75,983,,,,
0.01913473237073049,75,984,,,,
0.019859810159687186,75,985,,,,
0.019710671593202278,75,986,,,,
0.01095251467389365,75,987,,,,
,75,987,0.023568419900839216,1.0,,
0.016373202073737048,76,988,,,,
0.01824463062803261,76,989,,,,
0.017273955909331562,76,990,,,,
0.021847752446774393,76,991,,,,
0.01978124638844747,76,992,,,,
0.012795594571798574,76,993,,,,
0.01998398103751242,76,994,,,,
0.024598672020147205,76,995,,,,
0.48417021383829706,76,996,,,,
0.015275130645022728,76,997,,,,
0.014781151148781646,76,998,,,,
0.019276991035440005,76,999,,,,
0.019906841373691954,76,1000,,,,
,76,1000,0.022727375493268483,1.0,,
0.01905019683908904,77,1001,,,,
0.01813638600287959,77,1002,,,,
0.014300138034741394,77,1003,,,,
0.022403526672860608,77,1004,,,,
0.01967350630047804,77,1005,,,,
0.016680466284014983,77,1006,,,,
0.019171757143340074,77,1007,,,,
0.018699590020332835,77,1008,,,,
0.5107835644375882,77,1009,,,,
0.02270798632525839,77,1010,,,,
0.01660915493266657,77,1011,,,,
0.01754032355529489,77,1012,,,,
0.017407120671123266,77,1013,,,,
,77,1013,0.022245908005861566,1.0,,
0.01705706474604085,78,1014,,,,
0.023069158909493126,78,1015,,,,
0.017261290727219603,78,1016,,,,
0.01881782617419958,78,1017,,,,
0.015626181368133985,78,1018,,,,
0.01640294356911909,78,1019,,,,
0.02294619122403674,78,1020,,,,
0.02000058382327552,78,1021,,,,
0.016537354997126386,78,1022,,,,
0.015878143994996208,78,1023,,,,
0.02139763522427529,78,1024,,,,
0.4594826088978152,78,1025,,,,
0.019565362328042585,78,1026,,,,
,78,1026,0.02115648908482399,1.0,,
0.4813834170709015,79,1027,,,,
0.02162564756872598,79,1028,,,,
0.01925825938815251,79,1029,,,,
0.015521737934250268,79,1030,,,,
0.017883298933156766,79,1031,,,,
0.017448937629524153,79,1032,,,,
0.019938171161811624,79,1033,,,,
0.018746350979199633,79,1034,,,,
0.014798466851061676,79,1035,,,,
0.028366080223349854,79,1036,,,,
0.015065940911881626,79,1037,,,,
0.016998049909489055,79,1038,,,,
0.013825132860802114,79,1039,,,,
,79,1039,0.021550507030333392,1.0,,
0.023988639790331945,80,1040,,,,
0.02089650529433129,80,1041,,,,
0.01573357621236937,80,1042,,,,
0.01996309033711441,80,1043,,,,
0.4686656936901272,80,1044,,,,
0.014998635946540162,80,1045,,,,
0.015409626779728569,80,1046,,,,
0.013481302972650155,80,1047,,,,
0.016054365274612792,80,1048,,,,
0.021186363708693534,80,1049,,,,
0.018129456635506358,80,1050,,,,
0.014261944645113545,80,1051,,,,
0.01873501696779082,80,1052,,,,
,80,1052,0.021246837854268962,1.0,,
0.01766061178932432,81,1053,,,,
0.015901398626738228,81,1054,,,,
0.013189575372962281,81,1055,,,,
0.022775438585085794,81,1056,,,,
0.018150560345020494,81,1057,,,,
0.4432757925678743,81,1058,,,,
0.01784263053559698,81,1059,,,,
0.02426753702457063,81,1060,,,,
0.01346722723064886,81,1061,,,,
0.018414936486806255,81,1062,,,,
0.01451829280176753,81,1063,,,,
0.010820047427841928,81,1064,,,,
0.010506010459115107,81,1065,,,,
,81,1065,0.021122031426639296,1.0,,
0.019682473575812764,82,1066,,,,
0.017894896533107385,82,1067,,,,
0.01852658565621823,82,1068,,,,
0.01595287439704407,82,1069,,,,
0.01285620197472781,82,1070,,,,
0.013617055352369789,82,1071,,,,
0.018013220469583757,82,1072,,,,
0.01861224992899224,82,1073,,,,
0.4943477931842608,82,1074,,,,
0.018012297623499762,82,1075,,,,
0.014280316258009407,82,1076,,,,
0.020221319296979345,82,1077,,,,
0.009692699454414347,82,1078,,,,
,82,1078,0.02068859142891597,1.0,,
0.017676339935860597,83,1079,,,,
0.017759123191353865,83,1080,,,,
0.017275818856433034,83,1081,,,,
0.013688830062164925,83,1082,,,,
0.5549273675051154,83,1083,,,,
0.016992392044812732,83,1084,,,,
0.018109512770024594,83,1085,,,,
0.020187281174003147,83,1086,,,,
0.015557096689008176,83,1087,,,,
0.015005080297669338,83,1088,,,,
0.018938105984489084,83,1089,,,,
0.020763667387655005,83,1090,,,,
0.013647185172885656,83,1091,,,,
,83,1091,0.020761388978571632,1.0,,
0.01597703475954404,84,1092,,,,
0.013189139077439904,84,1093,,,,
0.023618632709258236,84,1094,,,,
0.01695079679666378,84,1095,,,,
0.013719667120312806,84,1096,,,,
0.42019165927922586,84,1097,,,,
0.015311959003156517,84,1098,,,,
0.017816773157392163,84,1099,,,,
0.025518033158732578,84,1100,,,,
0.016410223270213464,84,1101,,,,
0.017340767190034967,84,1102,,,,
0.017268916599277873,84,1103,,,,
0.014721693781514961,84,1104,,,,
,84,1104,0.02033562312833965,1.0,,
0.026886269421083853,85,1105,,,,
0.01655783720934778,85,1106,,,,
0.5428398315762024,85,1107,,,,
0.015364945917099249,85,1108,,,,
0.014609236241085455,85,1109,,,,
0.016175634576939046,85,1110,,,,
0.013997080954140984,85,1111,,,,
0.01821981288958341,85,1112,,,,
0.01609343062591506,85,1113,,,,
0.020225284024490975,85,1114,,,,
0.017283234194110264,85,1115,,,,
0.012401544263411779,85,1116,,,,
0.020318728561202683,85,1117,,,,
,85,1117,0.020113310984743293,1.0,,
0.015619493060512468,86,1118,,,,
0.3459143598738592,86,1119,,,,
0.011521004845235439,86,1120,,,,
0.02181903229211457,86,1121,,,,
0.014652124977146741,86,1122,,,,
0.017679695534752682,86,1123,,,,
0.016058678775152657,86,1124,,,,
0.017559982676175423,86,1125,,,,
0.016287746001125925,86,1126,,,,
0.013936376621131785,86,1127,,,,
0.016376163299810287,86,1128,,,,
0.015840513849980198,86,1129,,,,
0.018336901091970503,86,1130,,,,
,86,1130,0.01987792983505642,1.0,,
0.02023878386535216,87,1131,,,,
0.014092438665102236,87,1132,,,,
0.4711632446433214,87,1133,,,,
0.02024738452746533,87,1134,,,,
0.0202963184856344,87,1135,,,,
0.01873486976546701,87,1136,,,,
0.011851074152218644,87,1137,,,,
0.012145185348344967,87,1138,,,,
0.021225188858807087,87,1139,,,,
0.014361774461576715,87,1140,,,,
0.015534727343947452,87,1141,,,,
0.014808906715188641,87,1142,,,,
0.01785053638741374,87,1143,,,,
,87,1143,0.019408999274601227,1.0,,
0.016853839508257806,88,1144,,,,
0.015014926083495084,88,1145,,,,
0.016834564448799938,88,1146,,,,
0.015118429058929905,88,1147,,,,
0.01249960548011586,88,1148,,,,
0.0189208212250378,88,1149,,,,
0.013641623314470053,88,1150,,,,
0.0164569911576109,88,1151,,,,
0.020166002706901054,88,1152,,,,
0.011792459485150175,88,1153,,,,
0.015349506080383435,88,1154,,,,
0.5056948574492708,88,1155,,,,
0.017953091495049495,88,1156,,,,
,88,1156,0.018507777746708597,1.0,,
0.40158225371851586,89,1157,,,,
0.015438063634974242,89,1158,,,,
0.014690955526020844,89,1159,,,,
0.012260795290785609,89,1160,,,,
0.015458077628863975,89,1161,,,,
0.015796999207850604,89,1162,,,,
0.015585186978569254,89,1163,,,,
0.016549940381082706,89,1164,,,,
0.014285641607784783,89,1165,,,,
0.0147622941294685,89,1166,,,,
0.016816281393403187,89,1167,,,,
0.013793741956760641,89,1168,,,,
0.014234612572181504,89,1169,,,,
,89,1169,0.01908506374194985,1.0,,
0.014875975497943728,90,1170,,,,
0.010704984539415818,90,1171,,,,
0.016558542105485685,90,1172,,,,
0.015841966967855114,90,1173,,,,
0.015373885951703414,90,1174,,,,
0.015058910197694786,90,1175,,,,
0.013563627158873715,90,1176,,,,
0.015110301421373151,90,1177,,,,
0.49792065304245625,90,1178,,,,
0.01953572926868219,90,1179,,,,
0.014997370511991903,90,1180,,,,
0.01703310625453014,90,1181,,,,
0.01865132936897377,90,1182,,,,
,90,1182,0.01852935544680804,1.0,,
0.013445847985622095,91,1183,,,,
0.014294201645498106,91,1184,,,,
0.015658249430998694,91,1185,,,,
0.5217523229730432,91,1186,,,,
0.01355440063343849,91,1187,,,,
0.010152451519388705,91,1188,,,,
0.011152516151923919,91,1189,,,,
0.016575880639720708,91,1190,,,,
0.01705623246380128,91,1191,,,,
0.01803763408679515,91,1192,,,,
0.02004594301979523,91,1193,,,,
0.01739748021645937,91,1194,,,,
0.015880556441212924,91,1195,,,,
,91,1195,0.01859911176725291,1.0,,
0.01794734419308952,92,1196,,,,
0.014023503710632212,92,1197,,,,
0.01682060972052568,92,1198,,,,
0.017647339249379,92,1199,,,,
0.020586329643265344,92,1200,,,,
0.019210904254578054,92,1201,,,,
0.014209544169716537,92,1202,,,,
0.5017993309720623,92,1203,,,,
0.012638731728657149,92,1204,,,,
0.008525590928911697,92,1205,,,,
0.013615688411618976,92,1206,,,,
0.019550899138266686,92,1207,,,,
0.014525281583094813,92,1208,,,,
,92,1208,0.01825806826353073,1.0,,
0.017302952881436795,93,1209,,,,
0.01278525244561024,93,1210,,,,
0.014208457141648978,93,1211,,,,
0.012507378932241409,93,1212,,,,
0.462162626125064,93,1213,,,,
0.013015360997542302,93,1214,,,,
0.013223028679931303,93,1215,,,,
0.015714042764557234,93,1216,,,,
0.014654754122602753,93,1217,,,,
0.019466941950668115,93,1218,,,,
0.01772034641180653,93,1219,,,,
0.018871729043894447,93,1220,,,,
0.012833682315734524,93,1221,,,,
,93,1221,0.01831915393267991,1.0,,
0.018550089735072106,94,1222,,,,
0.018603935619466938,94,1223,,,,
0.015424513192556333,94,1224,,,,
0.5411101009940467,94,1225,,,,
0.012318495791987516,94,1226,,,,
0.012827477767132223,94,1227,,,,
0.015912139358988497,94,1228,,,,
0.011302857355076412,94,1229,,,,
0.016356299573089927,94,1230,,,,
0.016722023603506386,94,1231,,,,
0.012702335472340565,94,1232,,,,
0.015496563522901852,94,1233,,,,
0.01128587305235366,94,1234,,,,
,94,1234,0.018084847437567077,1.0,,
0.009297240903833881,95,1235,,,,
0.012223011428432073,95,1236,,,,
0.016843759789480828,95,1237,,,,
0.010598358705465216,95,1238,,,,
0.012472412156057544,95,1239,,,,
0.013019862018154527,95,1240,,,,
0.01776993938983651,95,1241,,,,
0.01499472175783012,95,1242,,,,
0.5325194308570644,95,1243,,,,
0.018284768899320625,95,1244,,,,
0.014363493025257412,95,1245,,,,
0.013048223114765278,95,1246,,,,
0.017370145690316953,95,1247,,,,
,95,1247,0.01756437671225285,1.0,,
0.01087154912238475,96,1248,,,,
0.020203512773150578,96,1249,,,,
0.437925634675139,96,1250,,,,
0.012250125982973259,96,1251,,,,
0.013475126166667906,96,1252,,,,
0.020348273777926806,96,1253,,,,
0.014587216370273381,96,1254,,,,
0.012238551508744422,96,1255,,,,
0.011908774744370021,96,1256,,,,
0.015407009377668146,96,1257,,,,
0.015188943234988983,96,1258,,,,
0.015118979048565961,96,1259,,,,
0.010431784593189755,96,1260,,,,
,96,1260,0.017832116385397966,1.0,,
0.015463768879271811,97,1261,,,,
0.01255687969387509,97,1262,,,,
0.540558151264122,97,1263,,,,
0.01551434171415167,97,1264,,,,
0.018818395288690226,97,1265,,,,
0.0111517323202861,97,1266,,,,
0.015176781445916276,97,1267,,,,
0.01787648793833796,97,1268,,,,
0.010749035114713479,97,1269,,,,
0.015673747438995633,97,1270,,,,
0.013871509691398387,97,1271,,,,
0.01369774533668533,97,1272,,,,
0.008633617816182474,97,1273,,,,
,97,1273,0.017933545064006465,1.0,,
0.010601814028632361,98,1274,,,,
0.014933501712675934,98,1275,,,,
0.013603425279143266,98,1276,,,,
0.015767722285090713,98,1277,,,,
0.014811899425694719,98,1278,,,,
0.013202106172229833,98,1279,,,,
0.01484280421573203,98,1280,,,,
0.017640054575167596,98,1281,,,,
0.012583278590227565,98,1282,,,,
0.009745918920089025,98,1283,,,,
0.5299316481778078,98,1284,,,,
0.015774741178120166,98,1285,,,,
0.009473214663254717,98,1286,,,,
,98,1286,0.017128196148842107,1.0,,
0.015160015915171243,99,1287,,,,
0.01645401748100994,99,1288,,,,
0.006852642205558368,99,1289,,,,
0.014479970595857594,99,1290,,,,
0.5216796499234988,99,1291,,,,
0.015214717102026043,99,1292,,,,
0.012969265269930474,99,1293,,,,
0.016752593241108116,99,1294,,,,
0.015544396781479008,99,1295,,,,
0.013984458841150627,99,1296,,,,
0.01458372148226772,99,1297,,,,
0.007613810608745553,99,1298,,,,
0.014294691461448867,99,1299,,,,
,99,1299,0.017331423211144285,1.0,,
,100,1300,,,0.01750291744247079,1.0
